date,turn,adjust_factor,instrument,open,volume,low,deal_number,close,high,amount
2021-01-04,0.8009049974144059,111.04871,000001.SZA,2121.0305,155421643.0,2047.7383,118568.0,2065.506,2121.0305,2891682312.0
2021-01-05,0.9385629766770788,111.04871,000001.SZA,2043.2963,182135210.0,1976.6671,185454.0,2017.7551,2052.1802,3284606913.0
2021-01-06,0.9970987221712856,111.04871,000001.SZA,2007.7607,193494512.0,1998.8768,154714.0,2172.1128,2172.1128,3648521909.0
2021-01-07,0.81634828915072,111.04871,000001.SZA,2167.671,158418530.0,2135.4668,123304.0,2209.8694,2218.7532,3111274625.0
2021-01-08,0.6160406348124189,111.04871,000001.SZA,2209.8694,119547322.0,2144.3506,95828.0,2204.317,2232.079,2348316363.0
2021-01-11,0.9226424604727056,111.04871,000001.SZA,2220.9744,179045714.0,2220.9744,129019.0,2263.1729,2292.0454,3652546646.0
2021-01-12,0.6638059967277703,111.04871,000001.SZA,2264.2832,128816550.0,2240.9631,95928.0,2332.023,2332.023,2657687440.0
2021-01-13,0.5406230550805927,111.04871,000001.SZA,2332.023,104911973.0,2265.3938,91337.0,2298.7083,2333.1335,2161849708.0
2021-01-14,0.5823817496987703,111.04871,000001.SZA,2296.4873,113015562.00000001,2215.4219,80886.0,2239.8525,2319.8076,2306404546.0
2021-01-15,1.278326597739573,111.04871,000001.SZA,2332.023,248068898.0,2312.0342,143343.0,2332.023,2437.5193,5311218074.0
2021-01-18,1.1116815799798185,111.04871,000001.SZA,2354.2327,215730177.99999997,2354.2327,147657.0,2520.8057,2529.6897,4792909447.0
2021-01-19,0.6400619241531013,111.04871,000001.SZA,2499.7065,124208834.00000001,2448.624,109282.0,2480.8284,2536.3525,2790056611.0
2021-01-20,0.6600069480015653,111.04871,000001.SZA,2459.729,128079315.99999999,2456.3975,95453.0,2495.2646,2550.7888,2889249850.0
2021-01-21,0.4868549113138548,111.04871,000001.SZA,2498.596,94477860.0,2459.729,89980.0,2468.6128,2531.9106,2114252731.0000002
2021-01-22,0.47637132928770276,111.04871,000001.SZA,2468.6128,92443442.0,2388.6577,89155.0,2446.403,2468.6128,2025834761.0
2021-01-25,0.5299280512112555,111.04871,000001.SZA,2411.978,102836527.0,2379.774,82278.0,2497.4856,2509.701,2269032820.0
2021-01-26,0.5806116199559851,111.04871,000001.SZA,2476.3862,112672055.0,2476.3862,93504.0,2484.1597,2589.656,2558575511.0
2021-01-27,0.6668912777260027,111.04871,000001.SZA,2477.4968,129415272.0,2477.4968,104139.0,2563.0044,2606.3132,2976800955.0
2021-01-28,0.4418674060933152,111.04871,000001.SZA,2529.6897,85747696.0,2493.0437,80199.0,2533.0212,2574.1091,1948881146.0
2021-01-29,0.6391189408892332,111.04871,000001.SZA,2533.0212,124025840.99999999,2521.9163,105854.0,2564.1147,2614.0867,2864101419.0
2021-02-01,0.760207204701941,111.04871,000001.SZA,2554.1204,147523930.0,2520.8057,115321.0,2726.2458,2775.1074,3529556986.0
2021-02-02,1.2450785013861205,111.04871,000001.SZA,2596.3188,241616877.0,2544.126,163688.0,2585.214,2676.274,5679179941.0
2021-02-03,0.9910831307680965,111.04871,000001.SZA,2607.4238,192327159.0,2596.3188,164543.0,2770.6653,2796.2065,4690176486.0
2021-02-04,0.6468429256987186,111.04871,000001.SZA,2685.158,125524750.0,2669.611,137156.0,2731.7983,2802.8696,3084553750.0
2021-02-05,0.523337338575701,111.04871,000001.SZA,2731.7983,101557559.0,2695.1523,111890.0,2768.4443,2810.6428,2517804159.0
2021-02-08,0.558733581524405,111.04871,000001.SZA,2765.113,108426467.0,2676.274,93243.0,2754.008,2765.113,2650948251.0
2021-02-09,0.4854712303062878,111.04871,000001.SZA,2752.8977,94209355.0,2684.0474,96636.0,2729.5774,2758.45,2302978158.0
2021-02-10,0.9888134483366949,111.04871,000001.SZA,2731.7983,191886710.0,2596.3188,145987.0,2645.1804,2771.776,4569741959.0
2021-02-18,0.7756620913343798,111.04871,000001.SZA,2665.1692,150523081.0,2607.4238,131663.0,2698.4836,2726.2458,3619387651.0
2021-02-19,0.4754173001562723,111.04871,000001.SZA,2660.727,92258314.0,2617.4182,88647.0,2648.5117,2686.2683,2197558286.0
2021-02-22,1.0083825818372363,111.04871,000001.SZA,2642.9595,195684248.0,2471.9443,173237.0,2485.2703,2642.9595,4445818547.0
2021-02-23,0.9638688010866426,111.04871,000001.SZA,2485.2703,187046013.0,2423.083,160290.0,2435.2983,2518.5847,4160776611.0
2021-02-24,0.7361217786406112,111.04871,000001.SZA,2473.055,142849985.0,2394.2102,119850.0,2460.8396,2474.1653,3144209051.0
2021-02-25,0.8210984386372332,111.04871,000001.SZA,2487.4912,159340347.0,2407.5361,130903.0,2453.0662,2505.259,3524600794.0
2021-02-26,0.5797132502368219,111.04871,000001.SZA,2398.652,112497730.0,2355.3433,109844.0,2374.2214,2438.6296,2424653753.0
2021-03-01,0.5799241309838328,111.04871,000001.SZA,2391.9893,112538653.0,2352.0117,103586.0,2381.9949,2407.5361,2408050906.0
2021-03-02,0.7592722312848905,111.04871,000001.SZA,2400.8733,147342505.0,2360.8958,118329.0,2404.2046,2459.729,3196536981.0
2021-03-03,0.9892092948372727,111.04871,000001.SZA,2396.4312,191963527.0,2383.1055,172006.0,2555.231,2563.0044,4320024431.0
2021-03-04,0.6253708772639721,111.04871,000001.SZA,2528.579,121357937.00000001,2515.2534,108769.0,2545.2366,2608.5342,2799747146.0
2021-03-05,0.4535620664138079,111.04871,000001.SZA,2520.8057,88017141.0,2427.525,93948.0,2480.8284,2551.8994,1960439115.0
2021-03-08,0.5121027225611129,111.04871,000001.SZA,2491.933,99377397.0,2385.3264,100262.0,2398.652,2519.6953,2189190957.0
2021-03-09,0.7017997325249576,111.04871,000001.SZA,2407.5361,136189533.0,2285.3826,114479.0,2315.3657,2434.1877,2882931927.0
2021-03-10,0.5923070764812405,111.04871,000001.SZA,2314.2551,114941657.0,2252.0679,95463.0,2265.3938,2322.0286,2356185003.0
2021-03-11,0.5403857867783313,111.04871,000001.SZA,2285.3826,104865938.99999999,2283.1616,92838.0,2362.006,2374.2214,2213107787.0
2021-03-12,0.3592751835019803,111.04871,000001.SZA,2373.111,69720060.0,2354.2327,64701.0,2385.3264,2409.757,1494219075.0
2021-03-15,0.49405381338568133,111.04871,000001.SZA,2376.4424,95874870.0,2344.2383,83319.0,2398.652,2456.3975,2077984893.0
2021-03-16,0.48422972742985815,111.04871,000001.SZA,2398.652,93968432.0,2362.006,75591.0,2405.3152,2455.287,2038470660.0
2021-03-17,0.4233221908781261,111.04871,000001.SZA,2381.9949,82148865.0,2320.9182,74782.0,2354.2327,2393.0999,1738185857.0
2021-03-18,0.3563943833727186,111.04871,000001.SZA,2365.3376,69161019.0,2332.023,89858.0,2413.0886,2413.0886,1483801548.0
2021-03-19,0.7861700362979575,111.04871,000001.SZA,2390.879,152562227.0,2262.0623,134749.0,2273.1672,2404.2046,3159181042.0
2021-03-22,0.7478143052204107,111.04871,000001.SZA,2282.051,145119008.0,2279.83,123533.0,2393.0999,2393.0999,3087549484.0
2021-03-23,0.3519076678413968,111.04871,000001.SZA,2395.3208,68290338.0,2327.581,75953.0,2357.5642,2404.2046,1448043613.0
2021-03-24,0.43805824251520115,111.04871,000001.SZA,2355.3433,85008507.0,2270.9463,84083.0,2279.83,2363.1167,1757688572.0
2021-03-25,0.2538761070252075,111.04871,000001.SZA,2285.3826,49266574.0,2265.3938,58686.0,2304.2607,2313.1448,1017166048.0
2021-03-26,0.4236413797047177,111.04871,000001.SZA,2314.2551,82210806.0,2305.3713,69195.0,2347.5698,2376.4424,1733412579.0
2021-03-29,0.4048627333774406,111.04871,000001.SZA,2363.1167,78566668.0,2354.2327,72297.0,2386.4368,2404.2046,1684397866.0
2021-03-30,0.3806369965937642,111.04871,000001.SZA,2374.2214,73865481.0,2355.3433,69672.0,2435.2983,2435.2983,1601238499.0
2021-03-31,0.40041116206073196,111.04871,000001.SZA,2417.5305,77702807.0,2398.652,78167.0,2444.1821,2450.8452,1699922183.0
2021-04-01,0.28056058356370606,111.04871,000001.SZA,2451.9556,54444898.0,2387.5474,64556.0,2418.6409,2455.287,1183868023.0
2021-04-02,0.2994387673762424,111.04871,000001.SZA,2409.757,58108352.0,2372.0005,53540.0,2387.5474,2413.0886,1249405387.0
2021-04-06,0.20669272123211277,111.04871,000001.SZA,2393.0999,40110282.0,2388.6577,48843.0,2407.5361,2453.0662,873387016.0
2021-04-07,0.2667273723713337,111.04871,000001.SZA,2429.7458,51760459.0,2366.448,67685.0,2403.0942,2435.2983,1116774452.0
2021-04-08,0.19737933946008043,111.04871,000001.SZA,2383.1055,38302950.0,2368.669,45319.0,2394.2102,2413.0886,825170840.0
2021-04-09,0.20558864666353047,111.04871,000001.SZA,2410.8677,39896028.0,2340.907,45422.0,2365.3376,2411.978,849870878.0
2021-04-12,0.3064777207019672,111.04871,000001.SZA,2388.6577,59474314.0,2290.935,64188.0,2298.7083,2388.6577,1240067319.0
2021-04-13,0.2576061552484421,111.04871,000001.SZA,2300.9294,49990418.0,2286.493,47137.0,2307.5923,2318.697,1036992692.0
2021-04-14,0.276948000497672,111.04871,000001.SZA,2308.7026,53743849.0,2267.6147,42910.0,2295.377,2325.36,1113001541.0
2021-04-15,0.37919940239788075,111.04871,000001.SZA,2305.3713,73586505.0,2229.8582,72705.0,2260.952,2306.4817,1494016040.0
2021-04-16,0.3761761805965547,111.04871,000001.SZA,2260.952,72999826.0,2199.875,64429.0,2249.847,2268.725,1466509057.0
2021-04-19,0.5731715411698778,111.04871,000001.SZA,2224.3057,111228262.00000001,2210.98,91455.0,2348.6802,2358.6746,2304021478.0
2021-04-20,0.4301676191334993,111.04871,000001.SZA,2340.907,83477272.0,2323.1392,83870.0,2408.6465,2437.5193,1798249024.0
2021-04-21,0.8230031210883905,111.04871,000001.SZA,2476.3862,159709965.0,2475.276,153323.0,2555.231,2575.2197,3644577541.0
2021-04-22,0.427550436685611,111.04871,000001.SZA,2575.2197,82969388.0,2529.6897,96112.0,2551.8994,2579.6616,1905208911.0
2021-04-23,0.4242196050973174,111.04871,000001.SZA,2589.656,82323015.0,2561.8938,92091.0,2586.3245,2626.302,1920413502.0
2021-04-26,0.4495664783989286,111.04871,000001.SZA,2650.7327,87241767.0,2543.0156,92915.0,2547.4575,2690.7102,2037109597.0
2021-04-27,0.2424185056066984,111.04871,000001.SZA,2548.5679,47043140.0,2538.5735,53803.0,2547.4575,2575.2197,1083043579.0
2021-04-28,0.3060112559730817,111.04871,000001.SZA,2586.3245,59383793.00000001,2529.6897,67966.0,2592.9875,2604.0923,1375141409.0
2021-04-29,0.3168322472553595,111.04871,000001.SZA,2591.877,61483688.0,2566.3357,67134.0,2619.6392,2632.965,1439823965.0
2021-04-30,0.2895951923559519,111.04871,000001.SZA,2592.9875,56198131.99999999,2555.231,62025.0,2586.3245,2608.5342,1308177202.0
2021-05-06,0.257807662487186,111.04871,000001.SZA,2565.2253,50029522.0,2565.2253,57887.0,2609.6448,2631.8545,1174181608.0
2021-05-07,0.4133898586800501,111.04871,000001.SZA,2628.523,80221421.0,2597.4294,81949.0,2670.7214,2698.4836,1929112374.0
2021-05-10,0.34084678379916483,111.04871,000001.SZA,2665.1692,66143890.0,2556.3413,57753.0,2649.6223,2669.611,1566860764.0
2021-05-11,0.2562247454179439,111.04871,000001.SZA,2622.9707,49722345.0,2560.7832,54324.0,2612.9763,2637.407,1161846399.0
2021-05-12,0.2747974889030951,111.04871,000001.SZA,2586.3245,53326526.0,2540.7944,56136.0,2615.1973,2625.1917,1245517716.0
2021-05-13,0.2832420149951423,111.04871,000001.SZA,2611.8657,54965250.0,2536.3525,60364.0,2561.8938,2619.6392,1271946298.0
2021-05-14,0.29052483412913016,111.92197,000001.SZA,2589.8743,56378536.0,2529.4365,60879.0,2610.0203,2622.3315,1300250943.0
2021-05-17,0.27185990149450245,111.92197,000001.SZA,2590.9934,52756465.0,2568.6091,59159.0,2641.3584,2665.9812,1241605192.0
2021-05-18,0.2037617143458165,111.92197,000001.SZA,2669.3389,39541498.0,2618.974,51509.0,2674.935,2698.4387,939786731.0
2021-05-19,0.22128504746012972,111.92197,000001.SZA,2665.9812,42942033.0,2632.4045,44339.0,2641.3584,2700.677,1022553739.0
2021-05-20,0.20910723699136155,111.92197,000001.SZA,2620.0933,40578837.0,2604.424,52876.0,2665.9812,2668.2197,957478853.0
2021-05-21,0.2779256744151917,111.92197,000001.SZA,2672.6965,53933574.0,2577.563,59230.0,2629.0469,2696.2002,1263058114.0
2021-05-24,0.1772338356867725,111.92197,000001.SZA,2627.9277,34393563.0,2595.4705,39208.0,2627.9277,2641.3584,806092207.0
2021-05-25,0.5010754007285254,111.92197,000001.SZA,2634.643,97237462.0,2624.57,84000.0,2753.2803,2767.8303,2363145902.0
2021-05-26,0.4737067972205188,111.92197,000001.SZA,2757.7573,91926378.0,2742.0881,83218.0,2799.1685,2811.4797,2286540248.0
2021-05-27,0.2597638554323717,111.92197,000001.SZA,2787.976,50409136.0,2744.3267,64825.0,2774.5457,2815.9565,1246712048.0
2021-05-28,0.2537395444399489,111.92197,000001.SZA,2762.2341,49240073.0,2704.0347,55246.0,2742.0881,2765.5918,1200523315.0
2021-05-31,0.2655659745999131,111.92197,000001.SZA,2723.0615,51535081.0,2676.0542,59874.0,2708.5115,2745.4458,1244209045.0
2021-06-01,0.32207867043005034,111.92197,000001.SZA,2708.5115,62501796.0,2630.1663,65665.0,2677.1733,2714.1077,1490476624.0
2021-06-02,0.2563811783978577,111.92197,000001.SZA,2673.8157,49752702.0,2616.7356,69240.0,2673.8157,2677.1733,1176608126.0
2021-06-03,0.20658864385637343,111.92197,000001.SZA,2654.789,40090085.0,2650.3123,51853.0,2660.385,2701.7961,958876472.0
2021-06-04,0.38995619622771716,111.92197,000001.SZA,2685.008,75673942.0,2663.7427,81233.0,2746.565,2793.5723,1851425837.0
2021-06-07,0.2308150917693191,111.92197,000001.SZA,2739.8496,44791410.0,2678.2927,53199.0,2719.7039,2739.8496,1081738832.0
2021-06-08,0.2937674599224775,111.92197,000001.SZA,2702.9155,57007792.00000001,2680.531,56054.0,2745.4458,2749.9226,1384120301.0
2021-06-09,0.23386439346363008,111.92197,000001.SZA,2734.2537,45383150.0,2706.2732,55078.0,2758.8765,2784.6184,1116771375.0
2021-06-10,0.2732257386246252,111.92197,000001.SZA,2759.9956,53021516.0,2702.9155,57765.0,2708.5115,2804.7644,1294972566.0
2021-06-11,0.4301121304380514,111.92197,000001.SZA,2720.823,83466504.0,2587.6357,86861.0,2615.6165,2725.2998,1965393115.0
2021-06-15,0.3404261302239319,111.92197,000001.SZA,2613.378,66062259.0,2551.8208,80705.0,2598.8281,2622.3315,1524503477.0
2021-06-16,0.19489478777402702,111.92197,000001.SZA,2598.8281,37820804.0,2575.3245,47817.0,2603.305,2618.974,878470834.0
2021-06-17,0.23358127641156812,111.92197,000001.SZA,2576.4436,45328209.0,2576.4436,52919.0,2585.3975,2651.4314,1059121804.0
2021-06-18,0.35767704929699723,111.92197,000001.SZA,2588.7551,69409930.0,2505.9329,67666.0,2535.0325,2605.5435,1574437729.0
2021-06-21,0.37013389040108424,111.92197,000001.SZA,2529.4365,71827274.0,2463.4026,107788.0,2480.1907,2537.271,1600119859.0
2021-06-22,0.3904776858720923,111.92197,000001.SZA,2504.8137,75775141.0,2490.2637,99611.0,2570.8477,2584.278,1720058046.0
2021-06-23,0.23081183500339014,111.92197,000001.SZA,2557.417,44790778.0,2542.8672,55873.0,2589.8743,2620.0933,1035835695.0
2021-06-24,0.20111740077037124,111.92197,000001.SZA,2577.563,39028349.0,2538.3901,45628.0,2583.159,2587.6357,894502108.0
2021-06-25,0.2885602570729216,111.92197,000001.SZA,2583.159,55997294.99999999,2580.9207,57775.0,2614.497,2641.3584,1310287389.0
2021-06-28,0.3227173521167617,111.92197,000001.SZA,2614.497,62625737.0,2516.0059,72260.0,2549.5823,2617.8547,1425702202.0
2021-06-29,0.5409474758388645,111.92197,000001.SZA,2527.198,104974938.99999999,2462.2832,129357.0,2500.3367,2550.7017,2341926371.0
2021-06-30,0.20789475643409633,111.92197,000001.SZA,2502.5752,40343546.0,2501.456,47085.0,2531.6748,2566.3706,913285187.0
2021-07-01,0.3425959556772142,111.92197,000001.SZA,2552.94,66483330.00000001,2520.4827,67049.0,2596.5896,2630.1663,1530548798.0
2021-07-02,0.5517319934039823,111.92197,000001.SZA,2542.8672,107067756.0,2435.4219,127773.0,2441.018,2545.1055,2360189793.0
2021-07-05,0.4428280750985849,111.92197,000001.SZA,2427.5874,85934129.0,2360.4343,86850.0,2468.9985,2479.0715,1859394323.0
2021-07-06,0.4081043388548798,111.92197,000001.SZA,2471.237,79195726.0,2445.4949,88299.0,2549.5823,2574.2053,1784792785.0
2021-07-07,0.24165248024967603,111.92197,000001.SZA,2538.3901,46894487.0,2518.2441,55637.0,2523.8403,2579.8013,1063910095.0
2021-07-08,0.7508388668305049,111.92197,000001.SZA,2549.5823,145705947.0,2372.7456,159128.0,2407.4414,2549.5823,3140657439.0
2021-07-09,0.3928549858662478,111.92197,000001.SZA,2383.938,76236474.0,2352.5996,79976.0,2380.5803,2420.872,1625461607.0
2021-07-12,0.4523921093256025,111.92197,000001.SZA,2406.3223,87790102.0,2338.0498,86626.0,2368.2688,2406.3223,1859059510.0
2021-07-13,0.33887574474220483,111.92197,000001.SZA,2367.1497,65761394.99999999,2298.8772,72539.0,2363.792,2388.4148,1382029130.0
2021-07-14,0.43695830074135783,111.92197,000001.SZA,2350.3613,84795055.0,2284.3274,96411.0,2323.5,2350.3613,1755810875.0
2021-07-15,0.4926389495608621,111.92197,000001.SZA,2319.0232,95600305.0,2308.9502,94174.0,2419.753,2430.945,2040266258.0
2021-07-16,0.29527458504032217,111.92197,000001.SZA,2396.2493,57300261.0,2383.938,63408.0,2388.4148,2442.1372,1230180813.0
2021-07-19,0.2690624323175149,111.92197,000001.SZA,2390.653,52213595.0,2325.7385,51679.0,2373.865,2398.4878,1098434741.0
2021-07-20,0.41432778665514886,111.92197,000001.SZA,2361.5535,80403433.0,2291.0427,81690.0,2305.5925,2372.7456,1665315545.0
2021-07-21,0.38806866332879336,111.92197,000001.SZA,2303.354,75307652.0,2260.8237,86355.0,2288.8042,2327.9768,1535327561.0
2021-07-22,0.44762397211562166,111.92197,000001.SZA,2288.8042,86864809.0,2265.3005,76968.0,2280.9697,2312.3079,1773999331.0
2021-07-23,0.37483949976647324,111.92197,000001.SZA,2280.9697,72740433.0,2238.4392,76204.0,2249.6316,2280.9697,1461467511.0
2021-07-26,0.7478729785382384,111.92197,000001.SZA,2233.9624,145130394.0,2062.722,143868.0,2104.133,2237.32,2770236696.0
2021-07-27,0.69956129855652,111.92197,000001.SZA,2111.9675,135755148.0,1969.8267,135237.0,1987.7341,2125.3982,2461708369.0
2021-07-28,0.5477726781349479,111.92197,000001.SZA,1997.8071,106299421.0,1978.7804,95377.0,1986.6149,2022.4299,1898562591.0
2021-07-29,0.4495460978463194,111.92197,000001.SZA,2004.5225,87237812.0,1989.9725,72963.0,2010.1185,2041.4567,1566107824.0
2021-07-30,0.4896258381626257,111.92197,000001.SZA,2005.6416,95015588.0,1929.5347,83867.0,1979.8995,2020.1915,1679747318.0
2021-08-02,0.5977209654457405,111.92197,000001.SZA,1974.3035,115992262.99999999,1922.8193,106318.0,2015.7146,2030.2644,2056014242.0
2021-08-03,0.4622075225962066,111.92197,000001.SZA,2013.4762,89694857.0,1976.5419,75660.0,2002.2839,2031.3837,1609422575.0
2021-08-04,0.37598130025810295,111.92197,000001.SZA,2019.0723,72962008.0,1969.8267,69207.0,1993.3302,2022.4299,1300164293.0
2021-08-05,0.32030389789830627,111.92197,000001.SZA,1981.0188,62157388.0,1967.5881,62354.0,1978.7804,2020.1915,1104903004.0
2021-08-06,0.2924153919040038,111.92197,000001.SZA,1964.2305,56745413.0,1953.0383,57055.0,1998.9263,2003.4032,1005870948.0
2021-08-09,0.9032362036003756,111.92197,000001.SZA,2004.5225,175279800.0,1996.6879,146526.0,2133.2327,2154.4978,3313803230.0
2021-08-10,0.6709290492556332,111.92197,000001.SZA,2136.5903,130198844.0,2115.3252,128954.0,2208.2205,2236.201,2535427989.0
2021-08-11,0.5402049383601717,111.92197,000001.SZA,2237.32,104830844.0,2204.8628,133396.0,2217.174,2303.354,2104975143.9999998
2021-08-12,0.3434331815640474,111.92197,000001.SZA,2214.9358,66645800.0,2197.028,88380.0,2226.128,2272.0159,1330388046.0
2021-08-13,0.2900608789651298,111.92197,000001.SZA,2213.8164,56288502.0,2182.4783,71050.0,2226.128,2229.4856,1110191399.0
2021-08-16,0.3231259164944165,111.92197,000001.SZA,2248.5122,62705022.0,2190.313,76258.0,2232.8433,2260.8237,1247681171.0
2021-08-17,0.24529937272639846,111.92197,000001.SZA,2221.6511,47602194.0,2194.7898,62546.0,2201.5051,2263.0623,947385521.0
2021-08-18,0.6867716283419585,111.92197,000001.SZA,2201.5051,133273215.99999999,2188.0745,133756.0,2307.831,2372.7456,2732213549.0
2021-08-19,0.33493962362419305,111.92197,000001.SZA,2292.1619,64997561.0,2240.6777,69387.0,2276.4927,2307.831,1315320351.0
2021-08-20,0.8320356377177136,111.92197,000001.SZA,2235.0815,161462793.0,2092.9407,140517.0,2173.5247,2246.274,3119152554.0
2021-08-23,0.6141731575216172,111.92197,000001.SZA,2182.4783,119184935.00000001,2138.8289,103758.0,2160.094,2244.0354,2315871646.0
2021-08-24,0.4477812502056816,111.92197,000001.SZA,2165.69,86895330.0,2150.021,96756.0,2166.8093,2235.0815,1690760837.0
2021-08-25,0.35973039383721256,111.92197,000001.SZA,2173.5247,69808397.0,2120.9211,75079.0,2144.4248,2179.1206,1341330418.0
2021-08-26,0.4903798000876232,111.92197,000001.SZA,2148.9019,95161900.0,2060.4834,97466.0,2066.0796,2155.617,1783725035.0
2021-08-27,0.3755691287029952,111.92197,000001.SZA,2077.2717,72882023.0,2049.2913,81455.0,2058.2449,2113.0867,1354408976.0
2021-08-30,0.6452781888038394,111.92197,000001.SZA,2038.099,125221101.0,1964.2305,131430.0,1983.2572,2047.0527,2221855858.0
2021-08-31,0.6054224078293664,111.92197,000001.SZA,1983.2572,117486786.00000001,1937.3693,119791.0,1992.2109,2006.7609,2072006842.0
2021-09-01,1.1939211603366429,111.92197,000001.SZA,1956.396,231689409.0,1903.7926,186076.0,2001.1648,2005.6416,4046284162.0
2021-09-02,1.24839440956598,111.92197,000001.SZA,2014.5953,242260354.0,1992.2109,202270.0,2059.3643,2101.8945,4454545280.0
2021-09-03,0.7187655145265873,111.92197,000001.SZA,2070.5564,139481871.0,1981.0188,129605.0,2019.0723,2070.5564,2523273155.0
2021-09-06,0.7808124965983834,111.92197,000001.SZA,2006.7609,151522556.0,1989.9725,146982.0,2064.9602,2081.7485,2780281080.0
2021-09-07,0.8360118964145556,111.92197,000001.SZA,2081.7485,162234416.0,2053.768,141868.0,2153.3787,2189.1936,3067365668.0
2021-09-08,0.5288127556813274,111.92197,000001.SZA,2153.3787,102620105.0,2137.7095,109216.0,2152.2595,2188.0745,1979771479.0
2021-09-09,0.38107554692227447,111.92197,000001.SZA,2138.8289,73950585.0,2104.133,85771.0,2126.5173,2143.3057,1399536020.0
2021-09-10,1.1929169169806264,111.92197,000001.SZA,2114.206,231494527.99999997,2108.6099,199201.0,2302.2349,2324.6191,4668361827.0
2021-09-13,0.6684759521569696,111.92197,000001.SZA,2278.7312,129722802.0,2217.174,127141.0,2261.9429,2295.5195,2606152378.0
2021-09-14,0.5968194390442528,111.92197,000001.SZA,2258.5852,115817314.99999999,2156.7363,111693.0,2167.9285,2268.6582,2272080156.0
2021-09-15,0.4336952789360693,111.92197,000001.SZA,2161.2131,84161841.0,2147.7825,88160.0,2184.7168,2349.2422,1639298361.0
2021-09-16,0.6064971921170306,111.92197,000001.SZA,2160.094,117695356.0,2096.2983,141002.0,2135.4712,2182.4783,2234474948.0
2021-09-17,0.5796629198051315,111.92197,000001.SZA,2115.3252,112487962.99999999,2060.4834,101392.0,2073.914,2126.5173,2098715196.0
2021-09-22,0.7592413950707784,111.92197,000001.SZA,2000.0455,147336521.0,1949.6807,147658.0,2012.3569,2020.1915,2616707242.0
2021-09-23,0.7110455776288492,111.92197,000001.SZA,2025.7876,137983759.0,1975.4227,271843.0,1978.7804,2050.4104,2465683704.0
2021-09-24,0.6522272976454321,111.92197,000001.SZA,1969.8267,126569628.0,1940.7269,115656.0,1941.8461,1978.7804,2209461934.0
2021-09-27,0.58779863028232,111.92197,000001.SZA,1926.177,114066759.00000001,1909.3888,101854.0,1966.469,1978.7804,1979196739.0
2021-09-28,0.6663835058131642,111.92197,000001.SZA,1955.2767,129316747.0,1953.0383,96340.0,2011.2377,2033.6221,2311265535.0
2021-09-29,0.6338953487145982,111.92197,000001.SZA,1998.9263,123012175.0,1982.1381,100306.0,2031.3837,2063.841,2225416488.0
2021-09-30,0.40998717727000406,111.92197,000001.SZA,2024.6683,79561105.0,1982.1381,70140.0,2006.7609,2036.9797,1424675916.0
2021-10-08,0.5973489057039099,111.92197,000001.SZA,2033.6221,115920062.00000001,2016.8339,108461.0,2086.2253,2114.206,2146983881.0
2021-10-11,0.7499519546508124,111.92197,000001.SZA,2126.5173,145533835.0,2126.5173,131231.0,2171.2861,2209.3396,2829310843.0
2021-10-12,0.5314053526383183,111.92197,000001.SZA,2160.094,103123218.0,2148.9019,95465.0,2165.69,2205.982,2004823967.0
2021-10-13,0.4163180983459289,111.92197,000001.SZA,2160.094,80789668.0,2145.5442,89792.0,2191.4321,2228.3665,1577612469.0
2021-10-14,0.4344020074488755,111.92197,000001.SZA,2192.5513,84298987.0,2114.206,91661.0,2150.021,2229.4856,1623970431.0
2021-10-15,0.511958337553892,111.92197,000001.SZA,2126.5173,99349378.0,2126.5173,102227.0,2200.3857,2227.247,1948647236.0
2021-10-18,0.37598254731087954,111.92197,000001.SZA,2176.8823,72962250.0,2137.7095,80407.0,2158.9746,2188.0745,1408737777.0
2021-10-19,0.3516560775202738,111.92197,000001.SZA,2143.3057,68241515.0,2143.3057,69887.0,2190.313,2202.6243,1330501301.0
2021-10-20,0.34162833032545625,111.92197,000001.SZA,2210.4587,66295555.00000001,2147.7825,101511.0,2153.3787,2213.8164,1283356219.0
2021-10-21,0.8356598616606995,111.92197,000001.SZA,2184.7168,162166101.0,2154.4978,162239.0,2238.4392,2245.1545,3198266215.0
2021-10-22,0.5848593165816603,111.92197,000001.SZA,2256.347,113496362.99999999,2216.055,113706.0,2242.9163,2304.4734,2287284921.0
2021-10-25,0.37660387332093154,111.92197,000001.SZA,2205.982,73082823.0,2182.4783,87626.0,2251.8699,2260.8237,1458800089.0
2021-10-26,0.33639858776993004,111.92197,000001.SZA,2245.1545,65280684.0,2222.7703,80097.0,2244.0354,2288.8042,1313475882.0
2021-10-27,0.35432798600323423,111.92197,000001.SZA,2238.4392,68760019.0,2192.5513,92377.0,2229.4856,2257.466,1365982833.0
2021-10-28,0.31898316079256694,111.92197,000001.SZA,2216.055,61901089.0,2167.9285,83749.0,2207.101,2231.724,1211946109.0
2021-10-29,0.27823177949385036,111.92197,000001.SZA,2197.028,53992976.0,2162.3323,76331.0,2182.4783,2209.3396,1052760273.0
2021-11-01,0.43362921090446294,111.92197,000001.SZA,2163.4517,84149020.0,2127.6365,101655.0,2170.167,2208.2205,1626762029.0
2021-11-02,1.029432018514704,111.92197,000001.SZA,2167.9285,199769050.0,2013.4762,203193.0,2034.7413,2181.3591,3691356324.0
2021-11-03,0.5745574290535282,111.92197,000001.SZA,2025.7876,111497204.0,1997.8071,115559.0,2017.953,2041.4567,2009325065.0
2021-11-04,0.5067625591506408,111.92197,000001.SZA,2023.5492,98341098.0,1992.2109,96673.0,2000.0455,2025.7876,1760671898.0
2021-11-05,0.5648014775266809,111.92197,000001.SZA,1997.8071,109603987.99999999,1966.469,101513.0,1974.3035,2014.5953,1942415605.0
2021-11-08,0.7094879108017778,111.92197,000001.SZA,1972.0651,137681482.0,1942.9653,115853.0,1949.6807,1993.3302,2406417771.0
2021-11-09,0.6392808646518754,111.92197,000001.SZA,1956.396,124057275.0,1931.7732,103485.0,1961.9921,1975.4227,2163193119.0
2021-11-10,0.6291179668241164,111.92197,000001.SZA,1954.1575,122085087.99999999,1920.5809,109464.0,1947.4423,1955.2767,2109735147.0
2021-11-11,1.0742839206204067,111.92197,000001.SZA,1941.8461,208472900.0,1938.4884,168078.0,2053.768,2062.722,3752413858.0
2021-11-12,0.49343428581124515,111.92197,000001.SZA,2049.2913,95754646.0,2026.9069,90287.0,2044.8143,2085.1062,1753072716.0
2021-11-15,0.3375751202273211,111.92197,000001.SZA,2053.768,65508999.0,2036.9797,65339.0,2062.722,2085.1062,1203764095.0
2021-11-16,0.30975888145673347,111.92197,000001.SZA,2054.8872,60111048.0,2033.6221,79655.0,2039.2183,2075.0332,1099113409.0
2021-11-17,0.34249654186661044,111.92197,000001.SZA,2031.3837,66464038.0,2012.3569,63425.0,2026.9069,2048.1719,1203859180.0
2021-11-18,0.41216834471982056,111.92197,000001.SZA,2024.6683,79984377.0,1984.3765,95714.0,1992.2109,2028.026,1430058311.0
2021-11-19,0.4052259658407329,111.92197,000001.SZA,1992.2109,78637156.0,1981.0188,72779.0,2031.3837,2041.4567,1414506380.0
2021-11-22,0.38061792493125934,111.92197,000001.SZA,2017.953,73861780.0,2003.4032,61933.0,2028.026,2042.5759,1337768172.0
2021-11-23,0.6369131185248597,111.92197,000001.SZA,2026.9069,123597796.0,1978.7804,116881.0,2001.1648,2053.768,2213817590.0
2021-11-24,0.38200567824096415,111.92197,000001.SZA,1988.8534,74131084.0,1976.5419,74718.0,2000.0455,2008.9993,1316774397.0
2021-11-25,0.3110070782238936,111.92197,000001.SZA,1985.4957,60353269.99999999,1973.1842,57307.0,1978.7804,1991.0918,1068221304.0
2021-11-26,0.3578834726032985,111.92197,000001.SZA,1972.0651,69449988.0,1960.8728,70037.0,1967.5881,1977.6611,1219937312.0
2021-11-29,0.2641457257744677,111.92197,000001.SZA,1948.5614,51259471.0,1942.9653,51481.0,1959.7537,1966.469,895105981.0
2021-11-30,0.3780404729664601,111.92197,000001.SZA,1963.1113,73361606.0,1941.8461,65260.0,1951.9191,1978.7804,1280384552.0
2021-12-01,0.36428637232874195,111.92197,000001.SZA,1950.7999,70692519.0,1944.0846,64021.0,1974.3035,1988.8534,1243666842.0
2021-12-02,0.5126305969095798,111.92197,000001.SZA,1972.0651,99479835.0,1944.0846,89755.0,1968.7074,1993.3302,1749164558.0
2021-12-03,0.36463397540744164,111.92197,000001.SZA,1974.3035,70759974.0,1948.5614,60428.0,1975.4227,1981.0188,1242375057.0
2021-12-06,1.1056644475040436,111.92197,000001.SZA,1997.8071,214562527.99999997,1992.2109,166193.0,2025.7876,2077.2717,3896385171.0
2021-12-07,0.8329714116925618,111.92197,000001.SZA,2048.1719,161644387.0,2031.3837,125107.0,2066.0796,2089.583,2979968976.0
2021-12-08,0.5051497385803135,111.92197,000001.SZA,2064.9602,98028118.0,2032.5029,90889.0,2067.1987,2076.1526,1798691052.0
2021-12-09,0.7502345151669245,111.92197,000001.SZA,2069.4373,145588668.0,2056.0066,124314.0,2092.9407,2133.2327,2726663443.0
2021-12-10,0.5097741143094618,111.92197,000001.SZA,2071.6755,98925513.0,2044.8143,95916.0,2057.1257,2092.9407,1824076523.0
2021-12-13,0.6773713805837482,111.92197,000001.SZA,2067.1987,131449027.0,2034.7413,117938.0,2044.8143,2113.0867,2427803721.0
2021-12-14,0.9982651808233804,111.92197,000001.SZA,2032.5029,193720890.0,1960.8728,181743.0,1967.5881,2033.6221,3434156327.0
2021-12-15,0.6671358290489758,111.92197,000001.SZA,1959.7537,129462740.99999999,1947.4423,107477.0,1964.2305,1976.5419,2269821045.0
2021-12-16,0.42228685880557604,111.92197,000001.SZA,1964.2305,81947951.0,1954.1575,69316.0,1983.2572,1984.3765,1445483375.0
2021-12-17,0.3104077559963048,111.92197,000001.SZA,1981.0188,60236967.00000001,1966.469,60668.0,1966.469,1986.6149,1062875482.0000001
2021-12-20,0.38464631764851803,111.92197,000001.SZA,1965.3497,74643520.0,1953.0383,72084.0,1960.8728,1975.4227,1309029268.0
2021-12-21,0.46055103971936656,111.92197,000001.SZA,1957.5151,89373404.0,1956.396,58063.0,1968.7074,1982.1381,1572895581.0
2021-12-22,0.5034216789965854,111.92197,000001.SZA,1972.0651,97692775.0,1936.25,80110.0,1946.323,1974.3035,1701772583.0
2021-12-23,0.546011205781784,111.92197,000001.SZA,1947.4423,105957594.0,1926.177,90882.0,1938.4884,1950.7999,1831122716.0
2021-12-24,0.2516013951578144,111.92197,000001.SZA,1939.6077,48825149.0,1926.177,49383.0,1937.3693,1941.8461,843109664.0
2021-12-27,0.3767537051661064,111.92197,000001.SZA,1939.6077,73111899.0,1920.5809,66911.0,1927.2963,1941.8461,1260455319.0
2021-12-28,0.5805694962550534,111.92197,000001.SZA,1927.2963,112663890.99999999,1912.7465,89671.0,1921.7002,1939.6077,1934461075.0
2021-12-29,0.7571846700899786,111.92197,000001.SZA,1920.5809,146937398.0,1869.0968,147243.0,1874.6929,1920.5809,2480534592.0
2021-12-30,0.4105295679311639,111.92197,000001.SZA,1875.8121,79666360.0,1871.3353,66792.0,1882.5275,1897.0773,1342374249.0
2021-12-31,0.9021864582773456,111.92197,000001.SZA,1887.0044,175076089.0,1835.5203,152423.0,1844.474,1891.4812,2899617148.0
2022-01-04,0.6025322702636121,111.92197,000001.SZA,1844.474,116925933.0,1810.8975,99885.0,1864.62,1864.62,1918887050.0
2022-01-05,1.0110393659404475,111.92197,000001.SZA,1855.6661,196199817.0,1852.3086,144646.0,1919.4617,1927.2963,3344124589.0
2022-01-06,0.5709054968345929,111.92197,000001.SZA,1914.9849,110788519.0,1902.6735,76328.0,1916.104,1932.8923,1896535837.0
2022-01-07,0.5805652655512122,111.92197,000001.SZA,1913.8656,112663070.0,1909.3888,86389.0,1925.0579,1934.0116,1937710958.0
2022-01-10,0.4688166137379722,111.92197,000001.SZA,1935.1307,90977401.0,1906.0311,71429.0,1923.9386,1949.6807,1563414572.0
2022-01-11,0.8152217951835135,111.92197,000001.SZA,1931.7732,158199940.0,1918.3425,135168.0,1948.5614,1963.1113,2752485391.0
2022-01-12,0.7740814983180395,111.92197,000001.SZA,1948.5614,150216355.0,1891.4812,129964.0,1902.6735,1953.0383,2561266412.0
2022-01-13,0.4686355540422759,111.92197,000001.SZA,1892.6005,90942265.0,1882.5275,74196.0,1900.4349,1929.5347,1550319158.0
2022-01-14,1.0837480772568622,111.92197,000001.SZA,1902.6735,210309491.0,1824.328,178107.0,1827.6857,1904.9119,3459950804.0
2022-01-17,0.5893558178701012,111.92197,000001.SZA,1829.9242,114368943.0,1804.1821,101380.0,1815.3743,1844.474,1855633789.0
2022-01-18,0.5941404192685994,111.92197,000001.SZA,1818.7319,115297431.0,1808.6589,93172.0,1848.9509,1851.1893,1891094610.0
2022-01-19,0.5093292565735196,111.92197,000001.SZA,1851.1893,98839185.0,1831.0433,86553.0,1846.7124,1867.9777,1630973587.0
2022-01-20,1.5620076889589731,111.92197,000001.SZA,1843.3547,303119377.0,1837.7587,232106.0,1939.6077,1954.1575,5195805549.0
2022-01-21,0.7635276185261537,111.92197,000001.SZA,1953.0383,148168295.0,1926.177,118478.0,1941.8461,1965.3497,2575115124.0
2022-01-24,0.4507791083964026,111.92197,000001.SZA,1940.7269,87477087.0,1900.4349,73098.0,1925.0579,1945.2037,1501390339.0
2022-01-25,0.5633813266103378,111.92197,000001.SZA,1911.6272,109328397.0,1881.4082,84865.0,1885.8851,1911.6272,1851999025.0
2022-01-26,0.5075686293305017,111.92197,000001.SZA,1897.0773,98497522.0,1851.1893,82553.0,1863.5007,1913.8656,1646384984.0
2022-01-27,0.5280099319611741,111.92197,000001.SZA,1846.7124,102464311.0,1818.7319,96859.0,1824.328,1851.1893,1677261296.0
2022-01-28,0.8634364987759643,111.92197,000001.SZA,1834.401,167556367.0,1770.6055,144813.0,1771.7247,1841.1163,2695470330.0
2022-02-07,0.7809417056947485,111.92197,000001.SZA,1792.9899,151547630.0,1778.4401,110841.0,1834.401,1836.6394,2451798485.0
2022-02-08,0.9042138929772273,111.92197,000001.SZA,1824.328,175469528.0,1819.8512,141300.0,1883.6467,1899.3158,2950309012.0
2022-02-09,0.5416752341962214,111.92197,000001.SZA,1893.7196,105116165.99999999,1870.2161,104367.0,1887.0044,1902.6735,1774253636.0
2022-02-10,0.40429108335402664,111.92197,000001.SZA,1876.9314,78455735.0,1865.7391,76989.0,1901.5542,1906.0311,1326848947.0
2022-02-11,0.555577028138196,111.92197,000001.SZA,1906.0311,107813913.99999999,1906.0311,102083.0,1913.8656,1940.7269,1852167493.0
2022-02-14,0.5929470619049456,111.92197,000001.SZA,1913.8656,115065851.0,1847.8317,103391.0,1855.6661,1919.4617,1917613419.0
2022-02-15,0.6226319989550421,111.92197,000001.SZA,1846.7124,120826437.00000001,1801.9436,117774.0,1822.0896,1865.7391,1968985378.0
2022-02-16,0.4031791657510394,111.92197,000001.SZA,1829.9242,78239959.0,1814.2551,76058.0,1836.6394,1850.0701,1282234150.0
2022-02-17,0.40941558908391784,111.92197,000001.SZA,1834.401,79450184.0,1826.5665,72959.0,1837.7587,1852.3086,1306514349.0
2022-02-18,0.4135368202425946,111.92197,000001.SZA,1826.5665,80249940.0,1825.4473,67876.0,1876.9314,1876.9314,1330233365.0
2022-02-21,0.41276135438686673,111.92197,000001.SZA,1864.62,80099455.0,1826.5665,72622.0,1847.8317,1865.7391,1316023718.0
2022-02-22,0.461181105405076,111.92197,000001.SZA,1825.4473,89495673.0,1808.6589,82063.0,1816.4935,1839.9971,1454156224.0
2022-02-23,0.45694819087934485,111.92197,000001.SZA,1824.328,88674244.0,1795.2284,83755.0,1812.0166,1825.4473,1431289852.0
2022-02-24,0.6823166044411165,111.92197,000001.SZA,1805.3013,132408685.00000001,1768.3671,126889.0,1780.6785,1807.5398,2112842552.9999998
2022-02-25,0.37432044754343413,111.92197,000001.SZA,1789.6322,72639707.0,1776.2017,66790.0,1779.5592,1799.7052,1157890268.0
2022-02-28,0.3730802896288834,111.92197,000001.SZA,1779.5592,72399045.0,1748.2211,77480.0,1762.771,1781.7977,1137154094.0
2022-03-01,0.4818366331515693,111.92197,000001.SZA,1767.2478,93504034.0,1748.2211,79640.0,1781.7977,1785.1554,1474693965.0
2022-03-02,0.39202848875578183,111.92197,000001.SZA,1767.2478,76076086.0,1752.698,65593.0,1754.9364,1776.2017,1196321948.0
2022-03-03,0.29799668482098535,111.92197,000001.SZA,1760.5325,57828505.00000001,1749.3403,46032.0,1758.2941,1769.4863,908171588.0
2022-03-04,0.5106401100130378,111.92197,000001.SZA,1748.2211,99093566.0,1710.1676,87643.0,1715.7638,1749.3403,1523793664.0
2022-03-07,0.5736231443276569,111.92197,000001.SZA,1697.8562,111315899.0,1640.776,98419.0,1647.4913,1697.8562,1655959941.0
2022-03-08,0.5168738434221584,111.92197,000001.SZA,1636.2992,100303269.0,1594.8881,81517.0,1601.6034,1663.1604,1463145930.0
2022-03-09,0.9279516404888453,111.92197,000001.SZA,1611.6763,180076017.0,1479.6084,176817.0,1549.0,1617.2725,2492042993.0
2022-03-10,1.1590299739399692,111.92197,000001.SZA,1587.0535,224915816.0,1576.9805,147580.0,1630.703,1650.849,3269867788.0
2022-03-11,0.7697020331885481,111.92197,000001.SZA,1611.6763,149364697.0,1583.6958,122015.0,1667.6373,1676.5911,2187480610.0
2022-03-14,0.5763345829510143,111.92197,000001.SZA,1637.4183,111840734.00000001,1617.2725,104998.0,1621.7493,1670.995,1637278471.0
2022-03-15,0.9179907010952623,111.92197,000001.SZA,1611.6763,178140887.0,1522.1388,149619.0,1531.0925,1611.6763,2479769555.0
2022-03-16,0.7893521565391339,111.92197,000001.SZA,1551.2384,153177906.0,1512.0658,116211.0,1601.6034,1611.6763,2141637065.0
2022-03-17,0.8915304749120649,111.92197,000001.SZA,1640.776,173006142.0,1593.7688,122637.0,1617.2725,1646.3721,2506504217.0
2022-03-18,0.7878206697759037,111.92197,000001.SZA,1607.1995,152880713.0,1582.5767,111583.0,1645.2529,1662.0411,2222158762.0
2022-03-21,0.6229505463005596,111.92197,000001.SZA,1622.8685,120886805.0,1610.5571,92240.0,1632.9415,1658.6836,1765673892.0
2022-03-22,0.8392748127035048,111.92197,000001.SZA,1632.9415,162865658.0,1622.8685,130705.0,1698.9755,1703.4523,2443174055.0
2022-03-23,0.5411358595278597,111.92197,000001.SZA,1691.1409,105010237.99999999,1667.6373,86751.0,1678.8295,1700.0946,1577561341.0
2022-03-24,0.5165333622989718,111.92197,000001.SZA,1669.8757,100235995.0,1657.5643,93403.0,1701.2139,1713.5253,1518870080.0
2022-03-25,0.382846362965259,111.92197,000001.SZA,1695.6178,74293335.0,1658.6836,75528.0,1676.5911,1706.8099,1116354595.0
2022-03-28,0.3747062263378079,111.92197,000001.SZA,1656.4451,72713699.0,1637.4183,70779.0,1662.0411,1684.4255,1078327302.0
2022-03-29,0.31725152850114396,111.92197,000001.SZA,1665.3988,61564315.0,1634.0607,61761.0,1643.0144,1673.2334,909169631.0
2022-03-30,0.6373400072343841,111.92197,000001.SZA,1663.1604,123679155.0,1651.9683,100858.0,1702.3331,1709.0485,1859617040.0
2022-03-31,0.599698757394155,111.92197,000001.SZA,1690.0217,116374674.0,1685.5448,93427.0,1721.3599,1742.625,1789209946.0
2022-04-01,0.7651836131107002,111.92197,000001.SZA,1720.2406,148487874.0,1701.2139,105575.0,1762.771,1767.2478,2319616863.0
2022-04-06,1.2823875886523113,111.92197,000001.SZA,1750.4596,248854004.99999997,1749.3403,175502.0,1834.401,1851.1893,4064051491.0
2022-04-07,0.8549445638590515,111.92197,000001.SZA,1833.2819,165906455.0,1813.1359,129755.0,1822.0896,1864.62,2724002904.0
2022-04-08,0.5497298463543775,111.92197,000001.SZA,1819.8512,106677946.0,1805.3013,95127.0,1835.5203,1841.1163,1741072072.0
2022-04-11,0.7300681546470849,111.92197,000001.SZA,1829.9242,141673536.0,1768.3671,110652.0,1796.3475,1835.5203,2277469055.0
2022-04-12,0.535549325948432,111.92197,000001.SZA,1796.3475,103926142.0,1752.698,100219.0,1781.7977,1819.8512,1654820082.0
2022-04-13,0.45895599319347347,111.92197,000001.SZA,1778.4401,89062806.0,1759.4133,87350.0,1768.3671,1799.7052,1415496125.0
2022-04-14,0.4790466045671088,111.92197,000001.SZA,1790.7515,92961494.0,1781.7977,91174.0,1795.2284,1818.7319,1493343952.0
2022-04-15,0.6347476935553388,111.92197,000001.SZA,1779.5592,123176103.0,1775.0824,103126.0,1837.7587,1850.0701,2014010094.0
2022-04-18,0.5600918969355524,111.92197,000001.SZA,1807.5398,108688756.0,1769.4863,85853.0,1779.5592,1813.1359,1734236523.0
2022-04-19,0.42347353094514417,111.92197,000001.SZA,1779.5592,82177249.0,1748.2211,83768.0,1769.4863,1787.3938,1294226951.0
2022-04-20,0.36925328875268926,111.92197,000001.SZA,1769.4863,71655528.0,1757.1749,56812.0,1773.9631,1796.3475,1137697846.0
2022-04-21,0.36581915283139294,111.92197,000001.SZA,1765.0094,70989116.0,1757.1749,59983.0,1769.4863,1788.5131,1124663651.0
2022-04-22,0.4747484156178546,111.92197,000001.SZA,1750.4596,92127408.0,1723.5983,81049.0,1797.4668,1812.0166,1468452957.0
2022-04-25,0.8577357436139459,111.92197,000001.SZA,1753.8173,166448098.0,1654.2067,141467.0,1662.0411,1780.6785,2527610217.0
2022-04-26,0.509241422388023,111.92197,000001.SZA,1665.3988,98820956.0,1617.2725,92165.0,1648.6106,1676.5911,1456929632.0
2022-04-27,0.7679747207211811,111.92197,000001.SZA,1676.5911,149029503.0,1674.3527,138871.0,1751.5787,1751.5787,2296798759.0
2022-04-28,0.4698517629926465,111.92197,000001.SZA,1742.625,91177187.0,1720.2406,90138.0,1751.5787,1782.9169,1426381925.0
2022-04-29,0.8477035991294221,111.92197,000001.SZA,1756.0557,164501308.0,1675.4718,138052.0,1714.6445,1761.6517,2503476827.0
2022-05-05,0.40720172435248514,111.92197,000001.SZA,1701.2139,79019620.0,1695.6178,75037.0,1714.6445,1729.1943,1208735141.0
2022-05-06,0.4289664674543835,111.92197,000001.SZA,1681.0679,83243182.0,1668.7565,80809.0,1674.3527,1701.2139,1250995594.0
2022-05-09,0.4218496941794446,111.92197,000001.SZA,1672.1141,81862135.0,1618.3916,111142.0,1628.4646,1672.1141,1197104247.0
2022-05-10,0.5113415771844261,111.92197,000001.SZA,1622.8685,99228502.0,1579.219,90720.0,1632.9415,1634.0607,1425836927.0
2022-05-11,0.4372846152690059,111.92197,000001.SZA,1627.3453,84857362.0,1616.1532,79831.0,1637.4183,1660.922,1240700426.0
2022-05-12,0.353025407801515,111.92197,000001.SZA,1620.6301,68506423.0,1603.8418,62844.0,1609.4379,1629.5839,987061607.0
2022-05-13,0.34851518642094553,111.92197,000001.SZA,1622.8685,67631191.0,1621.7493,59940.0,1635.1799,1640.776,985962932.0
2022-05-16,0.3443493154792468,111.92197,000001.SZA,1640.776,66822781.99999999,1606.0802,58107.0,1612.7955,1648.6106,965652298.0
2022-05-17,0.4799697696355959,111.92197,000001.SZA,1623.9877,93140639.0,1602.7225,72607.0,1646.3721,1647.4913,1357428407.0
2022-05-18,0.4012148356566106,111.92197,000001.SZA,1662.0411,77857833.0,1641.8953,63914.0,1650.849,1666.5181,1150500438.0
2022-05-19,0.3045121494400206,111.92197,000001.SZA,1628.4646,59092172.0,1622.8685,53269.0,1636.2992,1645.2529,863214131.0
2022-05-20,0.4888287892714991,111.92197,000001.SZA,1645.2529,94859778.0,1641.8953,79920.0,1681.0679,1683.3064,1415164711.0
2022-05-23,0.33378433296920423,111.92197,000001.SZA,1686.6641,64772592.00000001,1651.9683,55896.0,1659.8027,1686.6641,962683729.0
2022-05-24,0.4810780469628131,111.92197,000001.SZA,1664.2797,93355706.0,1611.6763,78016.0,1611.6763,1664.2797,1358693535.0
2022-05-25,0.3108539216591389,111.92197,000001.SZA,1615.0339,60322826.0,1600.4841,58700.0,1610.5571,1621.7493,866228924.0
2022-05-26,0.5211493731556136,111.92197,000001.SZA,1612.7955,101131756.0,1574.7421,88868.0,1588.1727,1615.0339,1435689342.0
2022-05-27,0.3726087563442219,111.92197,000001.SZA,1599.3649,72306674.0,1579.219,54693.0,1587.0535,1606.0802,1029702186.0
2022-05-30,0.46218866584003426,111.92197,000001.SZA,1596.0072,89690123.0,1571.3844,67717.0,1575.8613,1598.2457,1265573048.0
2022-05-31,0.483815149326607,111.92197,000001.SZA,1574.7421,93886855.0,1566.9075,57439.0,1584.8151,1587.0535,1325012048.0
2022-06-01,0.43559713682424295,111.92197,000001.SZA,1582.5767,84529898.0,1566.9075,59344.0,1575.8613,1582.5767,1187423732.0
2022-06-02,0.5046337957428658,111.92197,000001.SZA,1569.146,97926822.0,1553.4769,67636.0,1561.3114,1570.2651,1363740798.0
2022-06-06,0.8816314007982661,111.92197,000001.SZA,1556.8346,171085175.0,1526.6156,113405.0,1585.9342,1585.9342,2370807610.0
2022-06-07,0.6777002048120639,111.92197,000001.SZA,1569.146,131511262.00000001,1565.7883,77198.0,1584.8151,1594.8881,1860366716.0
2022-06-08,0.5903068430478366,111.92197,000001.SZA,1584.8151,114552124.0,1568.0267,64975.0,1584.8151,1585.9342,1613524958.0
2022-06-09,0.841462210708535,111.92197,000001.SZA,1582.5767,163290134.0,1578.0997,95685.0,1606.0802,1618.3916,2339986708.0
2022-06-10,0.6936233477605585,111.92197,000001.SZA,1596.0072,134601231.0,1581.4574,74846.0,1602.7225,1603.8418,1914639698.0
2022-06-13,0.7975837259043682,111.92197,000001.SZA,1587.0535,154775285.0,1553.4769,122921.0,1556.8346,1588.1727,2163340109.0
2022-06-14,0.593351414595679,111.92197,000001.SZA,1534.4502,115142938.99999999,1534.4502,79465.0,1580.3381,1581.4574,1602169898.0
2022-06-15,1.7590579211398125,111.92197,000001.SZA,1578.0997,341354371.0,1573.6228,218759.0,1649.7297,1691.1409,5010292727.0
2022-06-16,0.6866840858150688,111.92197,000001.SZA,1649.7297,133254631.0,1613.9148,99873.0,1616.1532,1659.8027,1939976255.0
2022-06-17,0.5430350921326288,111.92197,000001.SZA,1602.7225,105378794.0,1589.2919,73744.0,1617.2725,1626.2262,1513925914.0
2022-06-20,0.5318933459555825,111.92197,000001.SZA,1616.1532,103216680.0,1596.0072,69148.0,1604.9609,1616.1532,1479529787.0
2022-06-21,0.6811432248025671,111.92197,000001.SZA,1604.9609,132179398.0,1592.6495,80206.0,1608.3186,1637.4183,1905346057.0
2022-06-22,0.5441986681528038,111.92197,000001.SZA,1607.1995,105604592.0,1575.8613,80660.0,1575.8613,1607.1995,1498415784.0
2022-06-23,0.415360139282417,111.92197,000001.SZA,1576.9805,80602803.0,1573.6228,53489.0,1589.2919,1592.6495,1140899092.0
2022-06-24,0.4462856563360822,111.92197,000001.SZA,1589.2919,86604061.0,1579.219,55550.0,1592.6495,1594.8881,1227798687.0
2022-06-27,0.7715732583013568,111.92197,000001.SZA,1593.7688,149727818.0,1591.5304,94483.0,1621.7493,1629.5839,2166380438.0
2022-06-28,0.5797888265509911,111.92197,000001.SZA,1619.5109,112511048.0,1612.7955,76718.0,1637.4183,1641.8953,1638673242.0
2022-06-29,0.6526736478737177,111.92197,000001.SZA,1639.6569,126654728.0,1628.4646,87617.0,1638.5376,1667.6373,1865064678.0
2022-06-30,0.7980950030565913,111.92197,000001.SZA,1637.4183,154874501.0,1628.4646,106394.0,1676.5911,1681.0679,2304888692.0
2022-07-01,0.40155751646762583,111.92197,000001.SZA,1678.8295,77924332.0,1660.922,57139.0,1669.8757,1686.6641,1164030776.0
2022-07-04,0.4302734408027608,111.92197,000001.SZA,1673.2334,83496807.0,1650.849,59694.0,1672.1141,1676.5911,1241453402.0
2022-07-05,0.5746674080054828,111.92197,000001.SZA,1677.7103,111517210.00000001,1658.6836,89396.0,1668.7565,1709.0485,1674719025.0
2022-07-06,0.5376486304713901,111.92197,000001.SZA,1659.8027,104333523.0,1618.3916,83408.0,1626.2262,1670.995,1520022515.0
2022-07-07,0.37626454051652036,111.92197,000001.SZA,1627.3453,73016098.0,1609.4379,60611.0,1613.9148,1639.6569,1057696547.0
2022-07-08,0.32964752591980656,111.92197,000001.SZA,1622.8685,63969823.0,1608.3186,46764.0,1627.3453,1639.6569,928850349.0
2022-07-11,0.3152154018717337,111.92197,000001.SZA,1622.8685,61169193.99999999,1607.1995,46562.0,1618.3916,1630.703,883613754.0
2022-07-12,0.38282011785825737,111.92197,000001.SZA,1612.7955,74288242.0,1609.4379,61401.0,1613.9148,1648.6106,1078431990.0
2022-07-13,1.1213282825407331,111.92197,000001.SZA,1613.9148,217599606.0,1554.5961,165373.0,1563.5498,1619.5109,3056913118.0
2022-07-14,1.3563772604426134,111.92197,000001.SZA,1533.3309,263212087.0,1487.4429,182328.0,1496.3967,1534.4502,3534578702.0
2022-07-15,0.8238054117374565,111.92197,000001.SZA,1508.7081,159863740.0,1479.6084,0.0,1481.8468,1517.6619,2139915274.0000002
2022-07-18,0.5944214296178723,111.92197,000001.SZA,1482.9661,115350581.0,1478.4891,87770.0,1498.6351,1504.2312,1536340973.0
2022-07-19,0.38937221165545616,111.92197,000001.SZA,1493.0391,75559710.0,1486.3237,50955.0,1501.9928,1503.112,1008562417.0
2022-07-20,0.4130054641483117,111.92197,000001.SZA,1503.112,80145866.0,1494.1582,50634.0,1498.6351,1507.5889,1073936300.0
2022-07-21,1.0153748479823805,111.92197,000001.SZA,1490.8005,197038789.0,1453.8663,140662.0,1456.1047,1493.0391,2588696130.0
2022-07-22,0.7093391991963401,113.93621,000001.SZA,1462.9409,137650974.0,1437.875,96230.0,1459.5228,1473.1952,1755555714.0
2022-07-25,0.39367959901743327,113.93621,000001.SZA,1458.3835,76395581.0,1443.5718,55351.0,1460.6622,1464.0803,976071707.0
2022-07-26,0.5277100057594689,113.93621,000001.SZA,1452.6866,102404881.0,1448.1293,58088.0,1470.9165,1470.9165,1314310442.0
2022-07-27,0.4761088531298175,113.93621,000001.SZA,1464.0803,92391408.0,1450.408,51614.0,1457.2441,1467.4984,1182889761.0
2022-07-28,0.38666649726471286,113.93621,000001.SZA,1459.5228,75034652.0,1456.1047,43988.0,1467.4984,1470.9165,964903658.0
2022-07-29,0.4284849807917689,113.93621,000001.SZA,1467.4984,83149747.0,1441.2931,67601.0,1444.7112,1469.7771,1059518585.0
2022-08-01,0.5285777484588607,113.93621,000001.SZA,1442.4324,102573271.0,1412.809,78049.0,1415.0878,1442.4324,1277987010.0
2022-08-02,0.7075353621189251,113.93621,000001.SZA,1392.3005,137300930.0,1360.3983,97374.0,1396.8579,1405.9729,1664397666.0
2022-08-03,0.38449701684009585,113.93621,000001.SZA,1388.8824,74613653.0,1368.3739,62771.0,1370.6526,1397.9973,905653325.0
2022-08-04,0.310569136739968,113.93621,000001.SZA,1378.6282,60267562.0,1369.5133,44961.0,1385.4644,1386.6036,729351710.0
2022-08-05,0.3943711856717155,113.93621,000001.SZA,1382.0463,76529787.0,1364.9558,54238.0,1402.5548,1404.8335,930836354.0
2022-08-08,0.284454956389359,113.93621,000001.SZA,1395.7186,55199968.99999999,1385.4644,45151.0,1390.0217,1408.2516,674950921.0
2022-08-09,0.28777766011081185,113.93621,000001.SZA,1391.1611,55844756.99999999,1376.3495,47425.0,1380.9069,1392.3005,677098633.0
2022-08-10,0.35197363500959583,113.93621,000001.SZA,1380.9069,68302321.0,1369.5133,52120.0,1374.0707,1394.5792,825806008.0
2022-08-11,0.7210852733595243,113.93621,000001.SZA,1376.3495,139930361.0,1371.792,77033.0,1407.1122,1411.6697,1710719478.0
2022-08-12,0.4228196294405779,113.93621,000001.SZA,1396.8579,82050356.0,1390.0217,53523.0,1410.5303,1413.9484,1010612433.0
2022-08-15,0.6039569577256333,113.93621,000001.SZA,1400.276,117201000.0,1377.4888,70132.0,1379.7675,1408.2516,1425087455.0
2022-08-16,0.3252804545151644,113.93621,000001.SZA,1379.7675,63122369.99999999,1378.6282,38441.0,1382.0463,1390.0217,765907219.0
2022-08-17,0.6949086880912265,113.93621,000001.SZA,1384.325,134850658.0,1375.2101,81536.0,1412.809,1415.0878,1656961619.0
2022-08-18,0.6542979403113397,113.93621,000001.SZA,1421.924,126970094.0,1385.4644,87235.0,1395.7186,1428.7601,1560630568.0
2022-08-19,1.085471718693299,113.93621,000001.SZA,1397.9973,210641724.00000003,1393.4398,133173.0,1432.1782,1452.6866,2653471090.0
2022-08-22,0.5864697258636145,113.93621,000001.SZA,1433.3175,113807658.0,1413.9484,73325.0,1424.2026,1444.7112,1423361879.0
2022-08-23,0.47484519368313916,113.93621,000001.SZA,1418.5059,92146307.0,1399.1367,60042.0,1405.9729,1423.0632,1137300431.0
2022-08-24,0.6675283790442196,113.93621,000001.SZA,1404.8335,129537533.0,1404.8335,79626.0,1412.809,1428.7601,1613309589.0
2022-08-25,0.5483023038420467,113.93621,000001.SZA,1412.809,106401061.00000001,1401.4154,63647.0,1437.875,1442.4324,1329230362.0
2022-08-26,0.4780253101807058,113.93621,000001.SZA,1444.7112,92763426.0,1419.6451,54848.0,1436.7356,1452.6866,1168951099.0
2022-08-29,0.4764053558407948,113.93621,000001.SZA,1424.2026,92449065.0,1402.5548,56277.0,1415.0878,1431.0388,1145189174.0
2022-08-30,0.41210504504744194,113.93621,000001.SZA,1416.227,79971238.0,1399.1367,49711.0,1421.924,1428.7601,991447627.0
2022-08-31,0.8518397261665434,113.93621,000001.SZA,1410.5303,165304158.0,1408.2516,95194.0,1452.6866,1456.1047,2091408315.0
2022-09-01,0.4441935866177686,113.93621,000001.SZA,1441.2931,86198195.0,1433.3175,58975.0,1436.7356,1457.2441,1092666277.0
2022-09-02,0.4052257903506296,113.93621,000001.SZA,1437.875,78636281.0,1416.227,49938.0,1425.342,1445.8505,983433863.0
2022-09-05,0.32570067807338976,113.93621,000001.SZA,1419.6451,63203998.0,1409.3909,45003.0,1432.1782,1435.5963,788451089.0
2022-09-06,0.3768484299279181,113.93621,000001.SZA,1433.3175,73129499.0,1416.227,45313.0,1424.2026,1442.4324,914692184.0
2022-09-07,0.5049137818813193,113.93621,000001.SZA,1415.0878,97981281.0,1399.1367,58952.0,1404.8335,1415.0878,1208329759.0
2022-09-08,0.32007184420019663,113.93621,000001.SZA,1403.6941,62111692.00000001,1401.4154,36403.0,1408.2516,1417.3665,768913484.0
2022-09-09,1.0055358475737268,113.93621,000001.SZA,1412.809,195129731.0,1408.2516,121575.0,1449.2686,1451.5474,2469131334.0
2022-09-13,0.887730654765183,113.93621,000001.SZA,1467.4984,172268989.0,1442.4324,110311.0,1475.4739,1483.4495,2223707380.0
2022-09-14,0.4421600907260179,113.93621,000001.SZA,1452.6866,85803584.0,1446.9899,59446.0,1450.408,1466.359,1095054829.0
2022-09-15,0.9487070293579125,113.93621,000001.SZA,1458.3835,184101788.0,1454.9655,130037.0,1481.1708,1492.5643,2393239453.0
2022-09-16,0.6995153568706808,113.93621,000001.SZA,1472.0558,135744781.0,1431.0388,97725.0,1431.0388,1475.4739,1719252822.0
2022-09-19,0.3257424496349999,113.93621,000001.SZA,1428.7601,63212104.0,1421.924,63806.0,1432.1782,1443.5718,793491306.0
2022-09-20,0.45862584151486646,113.93621,000001.SZA,1436.7356,88998853.0,1403.6941,64617.0,1405.9729,1439.0144,1102212204.0
2022-09-21,0.35257825598159703,113.93621,000001.SZA,1402.5548,68419739.0,1390.0217,49471.0,1416.227,1421.924,845477182.0
2022-09-22,0.3020442461684905,113.93621,000001.SZA,1404.8335,58613338.0,1395.7186,41670.0,1400.276,1408.2516,720058210.0
2022-09-23,0.3022027987724407,113.93621,000001.SZA,1394.5792,58644106.00000001,1393.4398,43211.0,1400.276,1416.227,722703128.0
2022-09-26,0.4657065540737052,113.93621,000001.SZA,1385.4644,90372904.0,1366.0952,61588.0,1367.2345,1399.1367,1094060839.0
2022-09-27,0.406905454422144,113.93621,000001.SZA,1367.2345,78962229.0,1345.5867,59068.0,1384.325,1385.4644,946732994.0
2022-09-28,0.40242389560681774,113.93621,000001.SZA,1377.4888,78092558.0,1358.1196,49202.0,1379.7675,1395.7186,946211767.0
2022-09-29,0.47291531764839023,113.93621,000001.SZA,1395.7186,91771804.0,1346.7261,81283.0,1351.2834,1399.1367,1100405198.0
2022-09-30,0.27684362176661037,113.93621,000001.SZA,1352.4229,53723018.99999999,1347.8654,40861.0,1349.0048,1362.6771,638906948.0
2022-10-10,0.49783713001709545,113.93621,000001.SZA,1333.0537,96608018.0,1305.709,55618.0,1306.8484,1341.0292,1119089731.0
2022-10-11,0.21398694459369516,113.93621,000001.SZA,1314.8239,41525337.0,1300.0122,39149.0,1307.9877,1319.3813,476749227.0
2022-10-12,0.28835694837243436,113.93621,000001.SZA,1304.5696,55957243.00000001,1293.176,43996.0,1321.66,1323.9387,641776509.0
2022-10-13,0.4393671418779567,113.93621,000001.SZA,1311.4058,85261597.0,1288.6185,57916.0,1292.0366,1314.8239,970021739.0
2022-10-14,0.5648186999439354,113.93621,000001.SZA,1304.5696,109606158.0,1298.8728,62135.0,1313.6846,1325.0781,1265486550.0
2022-10-17,0.5281081294129666,113.93621,000001.SZA,1301.1515,102482271.0,1292.0366,74282.0,1307.9877,1312.5452,1171523550.0
2022-10-18,0.4879208467762358,113.93621,000001.SZA,1315.9633,94683709.0,1305.709,51155.0,1307.9877,1326.2175,1091646644.0
2022-10-19,0.476147197695966,113.93621,000001.SZA,1301.1515,92398968.0,1285.2004,61193.0,1286.3398,1309.1271,1049700767.0
2022-10-20,0.4029380011883664,113.93621,000001.SZA,1279.5037,78192323.0,1271.5281,50631.0,1276.0856,1288.6185,876967151.0
2022-10-21,0.4048194529245155,113.93621,000001.SZA,1277.225,78557429.0,1261.2738,52438.0,1263.5526,1281.7823,876648491.0
2022-10-24,0.712884132338254,113.93621,000001.SZA,1263.5526,138339065.0,1208.8632,104149.0,1210.0026,1264.6919,1496043940.0
2022-10-25,0.6786613144135057,113.93621,000001.SZA,1219.1174,131697939.99999999,1207.7239,126421.0,1213.4207,1231.6504,1406437766.0
2022-10-26,0.5894344967174449,113.93621,000001.SZA,1212.2812,114382987.99999999,1208.8632,117251.0,1214.56,1222.5355,1220733278.0
2022-10-27,0.4933555660486034,113.93621,000001.SZA,1219.1174,95738346.0,1214.56,92376.0,1216.8387,1227.093,1024868047.0
2022-10-28,0.545177630254838,113.93621,000001.SZA,1211.142,105794701.0,1186.0759,99784.0,1187.2153,1219.1174,1114999302.0
2022-10-31,0.5066055043607003,113.93621,000001.SZA,1176.961,98309569.0,1164.4281,78125.0,1178.1005,1190.6334,1016230012.0
2022-11-01,0.7117728418368543,113.93621,000001.SZA,1182.6578,138123413.0,1180.3792,84493.0,1215.6993,1216.8387,1459758367.0
2022-11-02,0.6714514068360232,113.93621,000001.SZA,1208.8632,130298818.0,1194.0515,78320.0,1211.142,1216.8387,1377816220.0
2022-11-03,0.5068322024285947,113.93621,000001.SZA,1200.8877,98353561.0,1182.6578,67718.0,1189.494,1204.3058,1028904286.0
2022-11-04,0.915260072069239,113.93621,000001.SZA,1184.9366,177611223.0,1183.7972,96046.0,1232.7898,1236.2079,1903720944.0
2022-11-07,0.5091750531669503,113.93621,000001.SZA,1231.6504,98808204.0,1222.5355,60327.0,1239.626,1243.0441,1070554833.0000001
2022-11-08,0.3005439895627369,113.93621,000001.SZA,1240.7654,58322205.00000001,1228.2323,44844.0,1236.2079,1244.1835,632835805.0
2022-11-09,0.4287984523930154,113.93621,000001.SZA,1235.0685,83210685.0,1232.7898,60721.0,1240.7654,1262.4132,911153622.0
2022-11-10,0.2844656692348473,113.93621,000001.SZA,1229.3717,55202118.99999999,1217.9781,45125.0,1238.4866,1241.9047,596916589.0
2022-11-11,1.3115170402347252,113.93621,000001.SZA,1268.11,254507054.99999997,1254.4377,145178.0,1302.2909,1328.4962,2878557392.0
2022-11-14,1.9953491184642955,113.93621,000001.SZA,1333.0537,387208410.0,1333.0537,212102.0,1361.5377,1399.1367,4637823414.0
2022-11-15,0.8110574487054074,113.93621,000001.SZA,1351.2834,157390134.0,1347.8654,108698.0,1368.3739,1387.743,1891249648.0
2022-11-16,0.6589316360392511,113.93621,000001.SZA,1363.8164,127869287.99999999,1343.308,88189.0,1346.7261,1372.9314,1519133932.0
2022-11-17,0.562234686201411,113.93621,000001.SZA,1345.5867,109104715.99999999,1319.3813,82095.0,1331.9143,1349.0048,1273790881.0
2022-11-18,0.44734286141829155,113.93621,000001.SZA,1337.6111,86809329.0,1318.242,81185.0,1320.5206,1342.1686,1011078680.0
2022-11-21,0.5399162789379662,113.93621,000001.SZA,1307.9877,104773707.0,1278.3643,81840.0,1305.709,1310.2665,1189388618.0
2022-11-22,0.7685039148046275,113.93621,000001.SZA,1305.709,149132388.0,1303.4303,102353.0,1346.7261,1359.259,1748727407.0
2022-11-23,0.6429380904411973,113.93621,000001.SZA,1342.1686,124765653.0,1335.3324,101676.0,1346.7261,1372.9314,1483352652.0
2022-11-24,0.41056241395968485,113.93621,000001.SZA,1358.1196,79671882.0,1331.9143,57387.0,1341.0292,1366.0952,941002373.0
2022-11-25,0.9073324109527353,113.93621,000001.SZA,1343.308,176072817.0,1341.0292,119193.0,1386.6036,1393.4398,2130171605.0
2022-11-28,0.6861764594581551,113.93621,000001.SZA,1355.841,133156295.0,1331.9143,92927.0,1345.5867,1358.1196,1568351120.0
2022-11-29,2.447380902087895,113.93621,000001.SZA,1385.4644,474927650.0,1382.0463,260808.0,1480.0314,1480.0314,6026006642.0
2022-11-30,1.6539746641874478,113.93621,000001.SZA,1469.7771,320962830.0,1460.6622,155955.0,1484.5889,1519.909,4206404173.0000005
2022-12-01,1.0320187496699236,113.93621,000001.SZA,1524.4666,200268883.0,1489.1462,122323.0,1492.5643,1556.3687,2658203027.0
2022-12-02,0.7236089678987379,113.93621,000001.SZA,1497.1218,140420278.0,1445.8505,104558.0,1469.7771,1498.2612,1803658762.0
2022-12-05,1.1788523280968384,113.93621,000001.SZA,1491.425,228762742.0,1482.31,157593.0,1541.5569,1546.1144,3057231973.0
2022-12-06,0.6454746744461123,113.93621,000001.SZA,1519.909,125257890.99999999,1509.6548,88277.0,1530.1633,1556.3687,1680593516.0
2022-12-07,0.7097851472823341,113.93621,000001.SZA,1518.7697,137737690.0,1484.5889,101201.0,1498.2612,1523.3271,1815667663.0
2022-12-08,0.5491846237294538,113.93621,000001.SZA,1498.2612,106572280.0,1494.8431,75878.0,1522.1877,1540.4176,1422047905.0
2022-12-09,0.8326649715997827,113.93621,000001.SZA,1526.7452,161583192.0,1521.0485,118109.0,1560.9261,1566.6229,2197501649.0
2022-12-12,0.7176217622662782,113.93621,000001.SZA,1547.2538,139258428.0,1488.007,106358.0,1493.7037,1547.2538,1848277967.0
2022-12-13,0.4649624833171734,113.93621,000001.SZA,1498.2612,90228513.0,1497.1218,71216.0,1508.5154,1522.1877,1194285343.0
2022-12-14,0.5019498303808437,113.93621,000001.SZA,1507.3761,97406110.0,1490.2856,71554.0,1507.3761,1526.7452,1287867945.0
2022-12-15,0.43046932001058597,113.93621,000001.SZA,1497.1218,83534926.0,1474.3346,69645.0,1492.5643,1513.0729,1094434006.0
2022-12-16,0.47628220548558153,113.93621,000001.SZA,1483.4495,92425167.0,1483.4495,69255.0,1519.909,1526.7452,1225269166.0
2022-12-19,0.5312223678395213,113.93621,000001.SZA,1518.7697,103086606.0,1475.4739,86283.0,1485.7281,1534.7207,1355435567.0
2022-12-20,0.4618330172858127,113.93621,000001.SZA,1477.7527,89621223.0,1443.5718,70990.0,1453.826,1490.2856,1150630681.0
2022-12-21,0.3167082286232597,113.93621,000001.SZA,1464.0803,61458964.0,1451.5474,60075.0,1468.6378,1480.0314,791782473.0
2022-12-22,0.34649592806246565,113.93621,000001.SZA,1481.1708,67239430.0,1469.7771,60955.0,1475.4739,1498.2612,876159828.0
2022-12-23,0.29085828472358516,113.93621,000001.SZA,1464.0803,56442641.0,1458.3835,46913.0,1478.892,1488.007,730705959.0
2022-12-26,0.4107690816722896,113.93621,000001.SZA,1480.0314,79711987.0,1448.1293,60439.0,1454.9655,1485.7281,1021903963.0
2022-12-27,0.45657260899827407,113.93621,000001.SZA,1466.359,88600412.0,1466.359,70678.0,1493.7037,1506.2367,1160090119.0
2022-12-28,0.40771434169754234,113.93621,000001.SZA,1499.4005,79119198.0,1481.1708,61130.0,1497.1218,1524.4666,1042402080.0
2022-12-29,0.3436595174144267,113.93621,000001.SZA,1489.1462,66689009.0,1464.0803,54714.0,1484.5889,1495.9824,865144967.0
2022-12-30,0.4215474998502941,113.93621,000001.SZA,1485.7281,81803598.0,1476.6133,62539.0,1499.4005,1513.0729,1074756754.0
2023-01-03,1.130670496252104,113.93621,000001.SZA,1503.958,219412794.0,1486.8676,153969.0,1568.9016,1578.0165,2971546989.0
2023-01-04,1.1283797027942053,113.93621,000001.SZA,1562.0654,218968252.99999997,1552.9506,145553.0,1631.5665,1642.9602,3110729449.0
2023-01-05,0.8582212005109189,113.93621,000001.SZA,1640.6814,166542518.0,1637.2633,110434.0,1649.7964,1679.4198,2417272356.0
2023-01-06,0.6161870691307673,113.93621,000001.SZA,1652.0751,119574471.0,1649.7964,88527.0,1665.7474,1677.141,1747915169.0
2023-01-09,0.5450292706127514,113.93621,000001.SZA,1680.5591,105765911.00000001,1654.3538,85023.0,1686.256,1695.3708,1561368487.0
2023-01-10,0.6541549141958093,113.93621,000001.SZA,1681.6985,126942338.99999999,1639.5421,109154.0,1645.2389,1696.5101,1851093717.0
2023-01-11,0.42800448868564356,113.93621,000001.SZA,1646.3783,83056612.0,1639.5421,77446.0,1671.4442,1683.9772,1217450812.0
2023-01-12,0.32243092225751463,113.93621,000001.SZA,1682.8379,62569484.0,1655.4932,72630.0,1671.4442,1682.8379,914367700.0
2023-01-13,0.48907965977222817,113.93621,000001.SZA,1671.4442,94908583.0,1657.7719,79788.0,1703.3463,1703.3463,1407181074.0
2023-01-16,0.8039144137599276,113.93621,000001.SZA,1703.3463,156003989.0,1691.9528,105828.0,1718.1581,1740.9453,2356399993.0
2023-01-17,0.48225105038845606,113.93621,000001.SZA,1723.8549,93583454.0,1682.8379,81691.0,1705.6251,1729.5516,1396151515.0
2023-01-18,0.3702209640630614,113.93621,000001.SZA,1703.3463,71843403.0,1698.789,64265.0,1721.5762,1729.5516,1083362998.0
2023-01-19,0.3307689299630897,113.93621,000001.SZA,1723.8549,64187519.99999999,1694.2314,65355.0,1719.2974,1737.5272,963744633.0
2023-01-20,0.31361655590954624,113.93621,000001.SZA,1727.273,60859007.99999999,1709.0432,67464.0,1723.8549,1736.3878,920144806.0
2023-01-30,0.7082085877512461,113.93621,000001.SZA,1777.4049,137431750.0,1696.5101,103330.0,1726.1335,1793.356,2096867649.0
2023-01-31,0.5310326179700903,113.93621,000001.SZA,1736.3878,103049784.0,1704.4857,110900.0,1707.9038,1767.1506,1568639326.0
2023-02-01,0.8520354949335762,113.93621,000001.SZA,1712.4613,165342148.0,1653.2145,133815.0,1674.8623,1718.1581,2426471973.0
2023-02-02,0.8131182254566651,113.93621,000001.SZA,1679.4198,157790039.0,1625.8698,138816.0,1663.4686,1683.9772,2280744883.0
2023-02-03,0.6422818090164678,113.93621,000001.SZA,1646.3783,124638298.0,1613.3368,109588.0,1631.5665,1657.7719,1782105891.0
2023-02-06,0.6789863245776745,113.93621,000001.SZA,1606.5006,131761010.00000001,1579.1559,102345.0,1595.1069,1609.9187,1838428709.0
2023-02-07,0.4480473867808194,113.93621,000001.SZA,1601.9431,86946046.0,1598.525,74156.0,1619.0336,1631.5665,1235297763.0
2023-02-08,0.33902294622002394,113.93621,000001.SZA,1622.4517,65789256.99999999,1598.525,66021.0,1599.6644,1631.5665,928708934.0
2023-02-09,0.4278931287736778,113.93621,000001.SZA,1596.2463,83035002.0,1590.5496,67032.0,1609.9187,1629.2878,1174361963.0
2023-02-10,0.4366193141492464,113.93621,000001.SZA,1606.5006,84728366.0,1579.1559,68506.0,1592.8282,1608.7793,1184283386.0
2023-02-13,0.9275977454477262,113.93621,000001.SZA,1588.2708,180005416.0,1549.5325,159108.0,1574.5984,1588.2708,2473405203.0
2023-02-14,0.46890566514024484,113.93621,000001.SZA,1578.0165,90993709.0,1572.3197,82936.0,1590.5496,1592.8282,1263892078.0
2023-02-15,0.6442714463144776,113.93621,000001.SZA,1589.4102,125024398.0,1551.8112,115705.0,1557.508,1590.5496,1713566673.0
2023-02-16,0.6591534334465126,113.93621,000001.SZA,1558.6473,127912329.0,1538.1388,99042.0,1549.5325,1584.8527,1757431084.0
2023-02-17,0.4732480317953625,113.93621,000001.SZA,1552.9506,91836369.0,1530.1633,86560.0,1530.1633,1563.2048,1246777397.0
2023-02-20,1.0905083868300862,113.93621,000001.SZA,1538.1388,211619117.0,1536.9995,160535.0,1612.1974,1612.1974,2945969773.0
2023-02-21,0.5104184862978057,113.93621,000001.SZA,1601.9431,99049499.0,1585.9921,77599.0,1606.5006,1617.8942,1393153377.0
2023-02-22,0.32924729802578434,113.93621,000001.SZA,1595.1069,63892239.0,1588.2708,59084.0,1597.3856,1608.7793,895742534.0
2023-02-23,0.4248737137501811,113.93621,000001.SZA,1595.1069,82449068.0,1592.8282,75114.0,1600.8037,1631.5665,1165539851.0
2023-02-24,0.37617545224614246,113.93621,000001.SZA,1597.3856,72998904.0,1572.3197,69378.0,1579.1559,1598.525,1012652972.0
2023-02-27,0.3202496335719103,113.93621,000001.SZA,1566.6229,62146193.00000001,1558.6473,56810.0,1559.7867,1581.4346,854854041.0
2023-02-28,0.3132794564185165,113.93621,000001.SZA,1566.6229,60793592.00000001,1550.6719,59427.0,1570.041,1578.0165,833316018.0
2023-03-01,0.6304649815603368,113.93621,000001.SZA,1572.3197,122345178.0,1565.4835,104261.0,1614.4761,1616.7549,1719710647.0
2023-03-02,0.5234981743196885,113.93621,000001.SZA,1609.9187,101587684.0,1601.9431,81708.0,1622.4517,1645.2389,1447565980.0
2023-03-03,0.35606025008225806,113.93621,000001.SZA,1634.9846,69095439.0,1611.058,58256.0,1628.1484,1637.2633,985552121.0
2023-03-06,0.7502103103566478,113.93621,000001.SZA,1629.2878,145582414.0,1563.2048,116871.0,1578.0165,1629.2878,2023954547.0
2023-03-07,0.6592271237168092,113.93621,000001.SZA,1578.0165,127926629.0,1555.2292,105519.0,1559.7867,1606.5006,1773654737.0
2023-03-08,0.5652496746555241,113.93621,000001.SZA,1552.9506,109689790.99999999,1526.7452,92522.0,1541.5569,1554.09,1479838980.0
2023-03-09,0.8946229469713556,113.93621,000001.SZA,1542.6963,173606476.0,1495.9824,135004.0,1503.958,1547.2538,2305765842.0
2023-03-10,0.44162429546980636,113.93621,000001.SZA,1481.1708,85699610.0,1481.1708,71881.0,1497.1218,1511.9335,1128558360.0
2023-03-13,0.5156437809138896,113.93621,000001.SZA,1494.8431,100063496.0,1481.1708,83836.0,1486.8676,1514.2123,1309490079.0
2023-03-14,0.5921376928775511,113.93621,000001.SZA,1480.0314,114907558.0,1450.408,90627.0,1466.359,1481.1708,1474124199.0
2023-03-15,0.5046823583604274,113.93621,000001.SZA,1486.8676,97936372.0,1474.3346,73912.0,1486.8676,1501.6793,1278262225.0
2023-03-16,0.47243836639193515,113.93621,000001.SZA,1468.6378,91679249.0,1458.3835,77791.0,1460.6622,1484.5889,1182054434.0
2023-03-17,0.8022521313165049,113.93621,000001.SZA,1480.0314,155681414.0,1441.2931,98749.0,1452.6866,1485.7281,2000832408.0
2023-03-20,0.6126167600753969,113.93621,000001.SZA,1453.826,118881633.0,1429.8994,92200.0,1432.1782,1464.0803,1505893659.0
2023-03-21,0.43324889124034716,113.93621,000001.SZA,1441.2931,84074317.0,1424.2026,62004.0,1446.9899,1456.1047,1060914056.0000001
2023-03-22,0.4517732853698308,113.93621,000001.SZA,1452.6866,87669077.0,1448.1293,65993.0,1457.2441,1467.4984,1121080753.0
2023-03-23,0.4144722341876584,113.93621,000001.SZA,1446.9899,80430604.0,1439.0144,61783.0,1469.7771,1469.7771,1029380497.0
2023-03-24,0.3202789138597302,113.93621,000001.SZA,1464.0803,62151875.0,1453.826,42498.0,1460.6622,1465.2197,796319542.0
2023-03-27,0.5196566438443004,113.93621,000001.SZA,1458.3835,100842214.0,1419.6451,83626.0,1435.5963,1459.5228,1266945056.0
2023-03-28,0.3472555716859091,113.93621,000001.SZA,1442.4324,67386843.0,1429.8994,48107.0,1440.1537,1450.408,851797869.0
2023-03-29,0.3071618293139632,113.93621,000001.SZA,1450.408,59606432.99999999,1424.2026,44201.0,1427.6207,1451.5474,750687551.0
2023-03-30,0.4249023447391159,113.93621,000001.SZA,1429.8994,82454624.0,1413.9484,53362.0,1444.7112,1448.1293,1035422932.0
2023-03-31,0.4460021983559706,113.93621,000001.SZA,1445.8505,86549166.0,1425.342,61602.0,1427.6207,1454.9655,1092263437.0
2023-04-03,0.3815552645373904,113.93621,000001.SZA,1429.8994,74042886.0,1419.6451,56534.0,1443.5718,1445.8505,934285179.0
2023-04-04,0.3336454373938685,113.93621,000001.SZA,1440.1537,64745722.0,1434.4569,52262.0,1441.2931,1449.2686,817726527.0
2023-04-06,0.2902888032228332,113.93621,000001.SZA,1435.5963,56332130.00000001,1424.2026,42700.0,1433.3175,1436.7356,706480660.0
2023-04-07,0.3132739631438216,113.93621,000001.SZA,1432.1782,60792526.0,1424.2026,39594.0,1437.875,1445.8505,767354797.0
2023-04-10,0.32989629802730197,113.93621,000001.SZA,1440.1537,64018181.00000001,1433.3175,43363.0,1444.7112,1446.9899,809943148.0
2023-04-11,0.40080273027295427,113.93621,000001.SZA,1446.9899,77777962.0,1426.4813,56844.0,1428.7601,1449.2686,978302908.0
2023-04-12,0.4689159560122576,113.93621,000001.SZA,1433.3175,90995706.0,1418.5059,72745.0,1421.924,1434.4569,1136997696.0
2023-04-13,0.5831278360335007,113.93621,000001.SZA,1413.9484,113159146.0,1401.4154,69903.0,1431.0388,1443.5718,1413919037.0
2023-04-14,0.6688782559669106,113.93621,000001.SZA,1435.5963,129799484.00000001,1433.3175,75598.0,1445.8505,1469.7771,1653539531.0
2023-04-17,0.6720823656042326,113.93621,000001.SZA,1442.4324,130421259.00000001,1435.5963,88404.0,1473.1952,1474.3346,1669357649.0
2023-04-18,0.7930393067328617,113.93621,000001.SZA,1473.1952,153893615.0,1468.6378,83899.0,1481.1708,1503.958,2009934875.0
2023-04-19,0.5227258745211507,113.93621,000001.SZA,1483.4495,101437815.0,1461.8016,60295.0,1464.0803,1489.1462,1309536002.0
2023-04-20,0.4183280234726906,113.93621,000001.SZA,1469.7771,81178841.0,1437.875,59067.0,1452.6866,1469.7771,1033330704.0
2023-04-21,0.4734050487559177,113.93621,000001.SZA,1446.9899,91866839.0,1421.924,64844.0,1424.2026,1461.8016,1160509766.0
2023-04-24,0.7563156677735383,113.93621,000001.SZA,1421.924,146767192.0,1370.6526,101809.0,1378.6282,1424.2026,1798133967.0
2023-04-25,0.6708910722044864,113.93621,000001.SZA,1383.1855,130190082.0,1380.9069,82098.0,1399.1367,1409.3909,1595320170.0
2023-04-26,0.51081291475786,113.93621,000001.SZA,1395.7186,99126040.0,1366.0952,73673.0,1380.9069,1395.7186,1197555724.0
2023-04-27,0.5174259569117685,113.93621,000001.SZA,1374.0707,100409337.0,1367.2345,67122.0,1396.8579,1407.1122,1222755932.0
2023-04-28,0.7447635172169161,113.93621,000001.SZA,1396.8579,144525434.0,1392.3005,87318.0,1429.8994,1456.1047,1816868033.0
2023-05-04,0.7617741379868708,113.93621,000001.SZA,1412.809,147826438.0,1388.8824,97567.0,1450.408,1461.8016,1863146144.0
2023-05-05,0.9080850205049232,113.93621,000001.SZA,1456.1047,176218865.0,1452.6866,99277.0,1470.9165,1493.7037,2283981032.0
2023-05-08,1.3556529052122388,113.93621,000001.SZA,1474.3346,263071861.0,1462.9409,141732.0,1517.6304,1536.9995,3478891629.0
2023-05-09,1.248372156807464,113.93621,000001.SZA,1526.7452,242253445.00000003,1495.9824,132538.0,1499.4005,1549.5325,3238716471.0
2023-05-10,0.6374741166468384,113.93621,000001.SZA,1500.5399,123705338.99999999,1458.3835,79551.0,1462.9409,1510.7942,1600189994.0
2023-05-11,0.46572170438102495,113.93621,000001.SZA,1475.4739,90375844.0,1458.3835,54227.0,1464.0803,1494.8431,1166479365.0
2023-05-12,0.4563662556287804,113.93621,000001.SZA,1460.6622,88560368.0,1436.7356,60600.0,1437.875,1466.359,1124579091.0
2023-05-15,0.47838158460151003,113.93621,000001.SZA,1444.7112,92832563.0,1418.5059,62501.0,1461.8016,1464.0803,1173804243.0
2023-05-16,0.5144414082077702,113.93621,000001.SZA,1458.3835,99830169.0,1432.1782,62695.0,1437.875,1472.0558,1267712090.0
2023-05-17,0.38886881258453787,113.93621,000001.SZA,1433.3175,75462120.0,1417.3665,53932.0,1423.0632,1440.1537,945315193.0
2023-05-18,0.3541187845777261,113.93621,000001.SZA,1432.1782,68718687.0,1416.227,45918.0,1423.0632,1440.1537,861347534.0
2023-05-19,0.35475098010571665,113.93621,000001.SZA,1416.227,68841368.0,1403.6941,50164.0,1405.9729,1417.3665,851165594.0
2023-05-22,0.28307774648938716,113.93621,000001.SZA,1402.5548,54932785.0,1402.5548,28651.0,1410.5303,1418.5059,679754868.0
2023-05-23,0.3578174641452196,113.93621,000001.SZA,1410.5303,69436436.0,1391.1611,42325.0,1391.1611,1413.9484,852871175.0
2023-05-24,0.42475014083537593,113.93621,000001.SZA,1390.0217,82425088.0,1368.3739,57122.0,1368.3739,1391.1611,996600578.0
2023-05-25,0.45489276971912407,113.93621,000001.SZA,1366.0952,88274430.0,1345.5867,57045.0,1359.259,1367.2345,1050002541.9999999
2023-05-26,0.26354765537798974,113.93621,000001.SZA,1359.259,51142864.0,1349.0048,35068.0,1378.6282,1382.0463,613772897.0
2023-05-29,0.29170722240323144,113.93621,000001.SZA,1379.7675,56607381.99999999,1361.5377,36282.0,1364.9558,1382.0463,680275578.0
2023-05-30,0.3937002765077951,113.93621,000001.SZA,1364.9558,76399692.0,1344.4473,41898.0,1352.4229,1366.0952,906316374.0
2023-05-31,0.6078605839038204,113.93621,000001.SZA,1346.7261,117958671.0,1319.3813,77754.0,1321.66,1349.0048,1376758357.0
2023-06-01,0.3828920318064006,113.93621,000001.SZA,1321.66,74302293.0,1310.2665,52246.0,1320.5206,1330.7749,861646489.0
2023-06-02,0.6296357083612116,113.93621,000001.SZA,1330.7749,122184253.0,1326.2175,75707.0,1359.259,1363.8164,1446502669.0
2023-06-05,0.26891599156910134,113.93621,000001.SZA,1353.5621,52184619.0,1346.7261,31179.0,1356.9802,1367.2345,620531416.0
2023-06-06,0.4293996310163265,113.93621,000001.SZA,1356.9802,83327347.0,1346.7261,47419.0,1349.0048,1377.4888,997039312.0
2023-06-07,0.3317081665662611,113.93621,000001.SZA,1354.7015,64369784.0,1353.5621,35683.0,1360.3983,1375.2101,770386878.0
2023-06-08,0.44801474662892715,113.93621,000001.SZA,1362.6771,86939712.0,1351.2834,46293.0,1380.9069,1390.0217,1048266236.0
2023-06-09,0.6777880383319986,113.93621,000001.SZA,1374.0707,131528476.0,1350.144,62175.0,1353.5621,1377.4888,1566929274.0
2023-06-12,0.3909949211712376,113.93621,000001.SZA,1346.7261,75874703.0,1339.8899,46193.0,1343.308,1355.841,896015709.0
2023-06-13,0.4380129311428658,113.93621,000001.SZA,1339.8899,84998805.0,1331.9143,48279.0,1341.0292,1349.0048,1000183567.0
2023-06-14,0.5509765031384493,116.71272,000001.SZA,1348.032,106920004.0,1337.5278,69292.0,1338.695,1369.0403,1237376776.0
2023-06-15,0.47682271588845887,116.71272,000001.SZA,1341.0292,92530056.0,1329.3579,49291.0,1355.0347,1357.369,1064567230.9999999
2023-06-16,0.4339138969746998,116.712715,000001.SZA,1355.0345,84203365.0,1350.3661,40865.0,1357.3689,1362.0374,978869317.0
2023-06-19,0.49161050315049226,116.712715,000001.SZA,1357.3689,95399707.0,1331.692,59372.0,1336.3606,1357.3689,1096351097.0
2023-06-20,0.2806160482892238,116.712715,000001.SZA,1335.1935,54455079.0,1324.6893,36567.0,1325.8564,1337.5277,620374308.0
2023-06-21,0.3177354194595376,116.712715,000001.SZA,1325.8564,61658296.0,1323.5222,32619.0,1324.6893,1339.8619,703681564.0
2023-06-26,0.3486515642889416,116.712715,000001.SZA,1318.8536,67657743.0,1301.3468,46102.0,1304.8481,1318.8536,757975992.0
2023-06-27,0.23792258017236664,116.712715,000001.SZA,1307.1824,46170178.0,1303.681,25177.0,1316.5194,1321.1879,519520687.0
2023-06-28,0.18829484216109663,116.712715,000001.SZA,1316.5194,36539644.0,1309.5166,24439.0,1318.8536,1322.355,412039354.0
2023-06-29,0.2503955705304148,116.712715,000001.SZA,1317.6865,48590630.0,1303.681,31173.0,1304.8481,1317.6865,544534826.0
2023-06-30,0.2674763980306157,116.712715,000001.SZA,1304.8481,51905258.0,1301.3468,24500.0,1310.6837,1320.0208,583494655.0
2023-07-03,0.4561019136850456,116.712715,000001.SZA,1311.851,88509071.0,1310.6837,55964.0,1341.029,1345.6976,1009887429.0
2023-07-04,0.3175898940586161,116.712715,000001.SZA,1337.5277,61630056.00000001,1321.1879,43164.0,1330.5249,1341.029,701885270.0
2023-07-05,0.21822750015299106,116.712715,000001.SZA,1325.8564,42348240.0,1318.8536,37604.0,1323.5222,1330.5249,479726282.0
